{"Mean":{"confidence_interval":{"confidence_level":0.95,"lower_bound":-0.8464960186263673,"upper_bound":-0.8446364455580293},"point_estimate":-0.845521980687218,"standard_error":0.0004746419921995685},"Median":{"confidence_interval":{"confidence_level":0.95,"lower_bound":-0.8453063114369348,"upper_bound":-0.843836897907083},"point_estimate":-0.8446656841985882,"standard_error":0.0003547486268384707}}