{"Mean":{"confidence_interval":{"confidence_level":0.95,"lower_bound":0.33964334126842166,"upper_bound":0.34857161312481166},"point_estimate":0.34412358995164416,"standard_error":0.0022749006501265163},"Median":{"confidence_interval":{"confidence_level":0.95,"lower_bound":0.3442092338863203,"upper_bound":0.3475559233454617},"point_estimate":0.3460079439202972,"standard_error":0.0008083095595089476}}