{"Mean":{"confidence_interval":{"confidence_level":0.95,"lower_bound":535303.4161944219,"upper_bound":539780.0636370681},"point_estimate":537483.6983995853,"standard_error":1138.7395400355583},"Median":{"confidence_interval":{"confidence_level":0.95,"lower_bound":533566.4916666667,"upper_bound":538526.4451013514},"point_estimate":535750.4666666667,"standard_error":1250.8599458660053},"MedianAbsDev":{"confidence_interval":{"confidence_level":0.95,"lower_bound":7170.028403281129,"upper_bound":12533.316344179968},"point_estimate":10024.329365561967,"standard_error":1402.292241955039},"Slope":{"confidence_interval":{"confidence_level":0.95,"lower_bound":535591.3219474595,"upper_bound":541997.063955564},"point_estimate":538652.1328698094,"standard_error":1635.7818854123975},"StdDev":{"confidence_interval":{"confidence_level":0.95,"lower_bound":9366.411672718463,"upper_bound":13252.503268160826},"point_estimate":11430.035145799393,"standard_error":990.3676565531123}}