{"Mean":{"confidence_interval":{"confidence_level":0.95,"lower_bound":468569.21244324197,"upper_bound":471840.0788339495},"point_estimate":470149.2867386054,"standard_error":834.5350622709498},"Median":{"confidence_interval":{"confidence_level":0.95,"lower_bound":465258.0416666666,"upper_bound":468298.4275362319},"point_estimate":466392.41056751466,"standard_error":812.0734861000105},"MedianAbsDev":{"confidence_interval":{"confidence_level":0.95,"lower_bound":3027.9062879449857,"upper_bound":7367.550966446113},"point_estimate":4708.827313798825,"standard_error":1122.1011768091134},"Slope":{"confidence_interval":{"confidence_level":0.95,"lower_bound":466667.0441574781,"upper_bound":469428.7280684439},"point_estimate":467952.02682429436,"standard_error":704.7693093184317},"StdDev":{"confidence_interval":{"confidence_level":0.95,"lower_bound":6978.4048201161495,"upper_bound":9603.310662738959},"point_estimate":8426.10250763376,"standard_error":669.9664436465528}}