{"Mean":{"confidence_interval":{"confidence_level":0.95,"lower_bound":1.1721047458593286,"upper_bound":1.1973944623132462},"point_estimate":1.184977174200232,"standard_error":0.0064996060702167185},"Median":{"confidence_interval":{"confidence_level":0.95,"lower_bound":1.1801916684500344,"upper_bound":1.1906473729712386},"point_estimate":1.1859956129415328,"standard_error":0.0026926366692035116}}