{"Mean":{"confidence_interval":{"confidence_level":0.95,"lower_bound":9698962.681458335,"upper_bound":10050559.731145833},"point_estimate":9872199.723020833,"standard_error":90092.8931453072},"Median":{"confidence_interval":{"confidence_level":0.95,"lower_bound":9587308.078125,"upper_bound":10166121.541666666},"point_estimate":9819371.00625,"standard_error":172202.64030213354},"MedianAbsDev":{"confidence_interval":{"confidence_level":0.95,"lower_bound":61229.22450983897,"upper_bound":482284.34064305376},"point_estimate":405407.08266352303,"standard_error":119448.217163824},"Slope":{"confidence_interval":{"confidence_level":0.95,"lower_bound":9824639.68754672,"upper_bound":10137699.926648352},"point_estimate":9984439.618506493,"standard_error":81213.70567957533},"StdDev":{"confidence_interval":{"confidence_level":0.95,"lower_bound":194346.127290663,"upper_bound":345869.2606772064},"point_estimate":300376.7412056683,"standard_error":38703.040678750986}}