{"Mean":{"confidence_interval":{"confidence_level":0.95,"lower_bound":855353.8028061965,"upper_bound":861885.4319871182},"point_estimate":858661.8266947578,"standard_error":1665.0553813423603},"Median":{"confidence_interval":{"confidence_level":0.95,"lower_bound":855661.3846153846,"upper_bound":861749.989674523},"point_estimate":858211.3852863726,"standard_error":1377.185054259806},"MedianAbsDev":{"confidence_interval":{"confidence_level":0.95,"lower_bound":9633.14184981084,"upper_bound":16089.329446895823},"point_estimate":12219.699033189389,"standard_error":1585.1074640486474},"Slope":{"confidence_interval":{"confidence_level":0.95,"lower_bound":854518.8370578227,"upper_bound":859749.2296671057},"point_estimate":857137.3896675041,"standard_error":1335.6021116095974},"StdDev":{"confidence_interval":{"confidence_level":0.95,"lower_bound":12671.617234976598,"upper_bound":20839.86748611225},"point_estimate":16736.303195032542,"standard_error":2103.5385550863025}}