{"Mean":{"confidence_interval":{"confidence_level":0.95,"lower_bound":10119079.087994047,"upper_bound":10614574.420000002},"point_estimate":10357484.239642857,"standard_error":127697.00569575965},"Median":{"confidence_interval":{"confidence_level":0.95,"lower_bound":10030441.38095238,"upper_bound":10730154.57142857},"point_estimate":10249581.17857143,"standard_error":163440.48704335163},"MedianAbsDev":{"confidence_interval":{"confidence_level":0.95,"lower_bound":71186.24348619195,"upper_bound":692673.2484200934},"point_estimate":406029.5907615358,"standard_error":183550.90139143707},"Slope":{"confidence_interval":{"confidence_level":0.95,"lower_bound":10192252.111801242,"upper_bound":10889233.074755989},"point_estimate":10632181.885714285,"standard_error":177416.8743645016},"StdDev":{"confidence_interval":{"confidence_level":0.95,"lower_bound":211622.28152634297,"upper_bound":525635.7879695253},"point_estimate":426639.6856405328,"standard_error":76566.17698562938}}