{"Mean":{"confidence_interval":{"confidence_level":0.95,"lower_bound":353021.65439977223,"upper_bound":354720.6633622474},"point_estimate":353847.127435649,"standard_error":433.53827803429704},"Median":{"confidence_interval":{"confidence_level":0.95,"lower_bound":352940.76910299005,"upper_bound":354526.4583333333},"point_estimate":353629.61326500296,"standard_error":418.76324968364247},"MedianAbsDev":{"confidence_interval":{"confidence_level":0.95,"lower_bound":2164.0978442254923,"upper_bound":3623.499663420074},"point_estimate":2841.690513481504,"standard_error":346.02595469684104},"Slope":{"confidence_interval":{"confidence_level":0.95,"lower_bound":354047.4505258084,"upper_bound":355008.260394294},"point_estimate":354542.14025269693,"standard_error":244.978203781737},"StdDev":{"confidence_interval":{"confidence_level":0.95,"lower_bound":3295.6291922266446,"upper_bound":5272.732359176737},"point_estimate":4340.777279886804,"standard_error":503.9993587036556}}