{"Mean":{"confidence_interval":{"confidence_level":0.95,"lower_bound":539540.7179554458,"upper_bound":542862.125417807},"point_estimate":541184.7587128746,"standard_error":847.88280937582},"Median":{"confidence_interval":{"confidence_level":0.95,"lower_bound":538648.375,"upper_bound":543211.1760714286},"point_estimate":540695.8464892665,"standard_error":1090.8139364096326},"MedianAbsDev":{"confidence_interval":{"confidence_level":0.95,"lower_bound":7413.709738994401,"upper_bound":10729.625141271408},"point_estimate":9040.829203854699,"standard_error":820.6306864333213},"Slope":{"confidence_interval":{"confidence_level":0.95,"lower_bound":538563.4221206538,"upper_bound":542507.7656461177},"point_estimate":540522.6823038274,"standard_error":1005.022124744378},"StdDev":{"confidence_interval":{"confidence_level":0.95,"lower_bound":7157.14573076544,"upper_bound":9891.393812644113},"point_estimate":8497.567149761984,"standard_error":704.7991273807891}}