{"Mean":{"confidence_interval":{"confidence_level":0.95,"lower_bound":-0.009013295871255458,"upper_bound":0.0011983878220828963},"point_estimate":-0.0039686211459535325,"standard_error":0.0026025225364264995},"Median":{"confidence_interval":{"confidence_level":0.95,"lower_bound":-0.007454423496262796,"upper_bound":0.0004641677495416108},"point_estimate":-0.003535033470549287,"standard_error":0.0019566310529169594}}