{"Mean":{"confidence_interval":{"confidence_level":0.95,"lower_bound":286584.0870090987,"upper_bound":289634.700638697},"point_estimate":288071.58922826307,"standard_error":775.6626158526543},"Median":{"confidence_interval":{"confidence_level":0.95,"lower_bound":286601.7577300151,"upper_bound":290069.858490566},"point_estimate":288732.8255747126,"standard_error":860.7187710639301},"MedianAbsDev":{"confidence_interval":{"confidence_level":0.95,"lower_bound":4453.985340797736,"upper_bound":7889.319429381023},"point_estimate":6441.2971089738485,"standard_error":855.4744855114882},"Slope":{"confidence_interval":{"confidence_level":0.95,"lower_bound":291146.28276816104,"upper_bound":294314.75918983045},"point_estimate":292657.37904388946,"standard_error":811.5299128098505},"StdDev":{"confidence_interval":{"confidence_level":0.95,"lower_bound":6107.117865933214,"upper_bound":9359.69431978988},"point_estimate":7801.956141820163,"standard_error":836.0850367686113}}