{"Mean":{"confidence_interval":{"confidence_level":0.95,"lower_bound":1522296.9439794987,"upper_bound":1533988.4807067406},"point_estimate":1527597.5352157557,"standard_error":2982.391738908499},"Median":{"confidence_interval":{"confidence_level":0.95,"lower_bound":1513161.7666666666,"upper_bound":1532995.7315789475},"point_estimate":1519674.5170491803,"standard_error":5025.920913790735},"MedianAbsDev":{"confidence_interval":{"confidence_level":0.95,"lower_bound":14495.03665965081,"upper_bound":27006.641236500767},"point_estimate":22993.024818675716,"standard_error":3233.450363692213},"Slope":{"confidence_interval":{"confidence_level":0.95,"lower_bound":1531755.4242871923,"upper_bound":1539892.2928030062},"point_estimate":1535966.3438894635,"standard_error":2073.439308630275},"StdDev":{"confidence_interval":{"confidence_level":0.95,"lower_bound":17885.253206745852,"upper_bound":43180.67404441361},"point_estimate":29978.158444805536,"standard_error":7344.5145222594865}}