{"Mean":{"confidence_interval":{"confidence_level":0.95,"lower_bound":1649397.6469228617,"upper_bound":1658410.3448506277},"point_estimate":1653599.3428745288,"standard_error":2303.582238932035},"Median":{"confidence_interval":{"confidence_level":0.95,"lower_bound":1648454.760079444,"upper_bound":1652837.9312354312},"point_estimate":1649715.9458333333,"standard_error":1212.644957280121},"MedianAbsDev":{"confidence_interval":{"confidence_level":0.95,"lower_bound":10431.137739167141,"upper_bound":20055.681143238755},"point_estimate":13463.17098883716,"standard_error":2528.7116504033106},"Slope":{"confidence_interval":{"confidence_level":0.95,"lower_bound":1639757.07510861,"upper_bound":1644779.9824934143},"point_estimate":1642205.6919580316,"standard_error":1279.8618372346862},"StdDev":{"confidence_interval":{"confidence_level":0.95,"lower_bound":15193.28484220754,"upper_bound":31573.031780062945},"point_estimate":23068.596392619267,"standard_error":4449.829576279591}}