{"Mean":{"confidence_interval":{"confidence_level":0.95,"lower_bound":0.34960812271650193,"upper_bound":0.36712143002616976},"point_estimate":0.35870071106625545,"standard_error":0.004443268083032766},"Median":{"confidence_interval":{"confidence_level":0.95,"lower_bound":0.3572372939698232,"upper_bound":0.3741663397173487},"point_estimate":0.3628817483316269,"standard_error":0.0043159553776420684}}