{"Mean":{"confidence_interval":{"confidence_level":0.95,"lower_bound":533653.1082937092,"upper_bound":537467.8529334161},"point_estimate":535459.2921533907,"standard_error":975.3478423182175},"Median":{"confidence_interval":{"confidence_level":0.95,"lower_bound":532306.2763709677,"upper_bound":535170.51},"point_estimate":533534.8382575758,"standard_error":745.1265610454341},"MedianAbsDev":{"confidence_interval":{"confidence_level":0.95,"lower_bound":4617.833262327425,"upper_bound":8111.585641379646},"point_estimate":5937.1808845895885,"standard_error":987.8517361969996},"Slope":{"confidence_interval":{"confidence_level":0.95,"lower_bound":531960.06505942,"upper_bound":534721.3207109683},"point_estimate":533265.9556021871,"standard_error":707.6443239820603},"StdDev":{"confidence_interval":{"confidence_level":0.95,"lower_bound":6841.236519516398,"upper_bound":12862.432268731787},"point_estimate":9798.310990931255,"standard_error":1585.660816002999}}