{"Mean":{"confidence_interval":{"confidence_level":0.95,"lower_bound":357719.57157632895,"upper_bound":358896.961547859},"point_estimate":358252.92122326145,"standard_error":301.97872123815665},"Median":{"confidence_interval":{"confidence_level":0.95,"lower_bound":357040.11904761905,"upper_bound":357196.858974359},"point_estimate":357098.8922356091,"standard_error":35.41176796390855},"MedianAbsDev":{"confidence_interval":{"confidence_level":0.95,"lower_bound":145.3394165242214,"upper_bound":371.35011007387953},"point_estimate":229.89588974792065,"standard_error":54.37152414166625},"Slope":{"confidence_interval":{"confidence_level":0.95,"lower_bound":357590.9069010425,"upper_bound":358979.77847040416},"point_estimate":358221.5756080981,"standard_error":355.9299426168221},"StdDev":{"confidence_interval":{"confidence_level":0.95,"lower_bound":1693.2906173766917,"upper_bound":4162.575620259766},"point_estimate":3035.150851379187,"standard_error":627.2605535564733}}