{"Mean":{"confidence_interval":{"confidence_level":0.95,"lower_bound":316332.60772485024,"upper_bound":319839.15645708167},"point_estimate":318040.09512096574,"standard_error":893.750822673739},"Median":{"confidence_interval":{"confidence_level":0.95,"lower_bound":314343.54,"upper_bound":317947.69295634923},"point_estimate":316323.32272727275,"standard_error":1011.3050767387591},"MedianAbsDev":{"confidence_interval":{"confidence_level":0.95,"lower_bound":5693.57973163555,"upper_bound":10140.803660098556},"point_estimate":8344.514963323742,"standard_error":1154.3789913298267},"Slope":{"confidence_interval":{"confidence_level":0.95,"lower_bound":322375.2030778571,"upper_bound":327676.59798014624},"point_estimate":325019.92023200827,"standard_error":1349.778242887072},"StdDev":{"confidence_interval":{"confidence_level":0.95,"lower_bound":7247.623458070172,"upper_bound":10707.642086547108},"point_estimate":9011.387755968632,"standard_error":887.132864550703}}