{"Mean":{"confidence_interval":{"confidence_level":0.95,"lower_bound":-0.8563816875700259,"upper_bound":-0.8550679199479398},"point_estimate":-0.8557586215972401,"standard_error":0.0003358764189330946},"Median":{"confidence_interval":{"confidence_level":0.95,"lower_bound":-0.8564801731581653,"upper_bound":-0.8550389731368412},"point_estimate":-0.8559210793056897,"standard_error":0.00034451110920953056}}