{"Mean":{"confidence_interval":{"confidence_level":0.95,"lower_bound":1392163.9119602267,"upper_bound":1397761.618438911},"point_estimate":1394607.2263401083,"standard_error":1444.3830781215813},"Median":{"confidence_interval":{"confidence_level":0.95,"lower_bound":1390856.1420454546,"upper_bound":1391994.0851531816},"point_estimate":1391557.265625,"standard_error":358.13838578387964},"MedianAbsDev":{"confidence_interval":{"confidence_level":0.95,"lower_bound":1779.1874060028185,"upper_bound":3164.4676492455787},"point_estimate":2391.2085375582574,"standard_error":341.0748665306482},"Slope":{"confidence_interval":{"confidence_level":0.95,"lower_bound":1391755.7851806863,"upper_bound":1395147.8585313722},"point_estimate":1393239.2069513816,"standard_error":874.6181378564108},"StdDev":{"confidence_interval":{"confidence_level":0.95,"lower_bound":5897.119110015412,"upper_bound":21882.678205607102},"point_estimate":14536.651374532257,"standard_error":4200.754031257229}}