{"Mean":{"confidence_interval":{"confidence_level":0.95,"lower_bound":11045220.82817276,"upper_bound":11212456.29655357},"point_estimate":11128492.708815193,"standard_error":42844.473582995335},"Median":{"confidence_interval":{"confidence_level":0.95,"lower_bound":10976783.42857143,"upper_bound":11261997.279761905},"point_estimate":11143721.757142857,"standard_error":76229.38651188283},"MedianAbsDev":{"confidence_interval":{"confidence_level":0.95,"lower_bound":25772.14271328684,"upper_bound":248469.75031377954},"point_estimate":216013.67244498985,"standard_error":58880.5784567657},"Slope":{"confidence_interval":{"confidence_level":0.95,"lower_bound":11001678.656695554,"upper_bound":11190664.401360543},"point_estimate":11092114.99851577,"standard_error":48278.7844315492},"StdDev":{"confidence_interval":{"confidence_level":0.95,"lower_bound":92159.26031214582,"upper_bound":168218.57179496987},"point_estimate":142971.47385597715,"standard_error":19539.50641869529}}