{"Mean":{"confidence_interval":{"confidence_level":0.95,"lower_bound":487068.10492404824,"upper_bound":492984.8935703278},"point_estimate":489975.43079669855,"standard_error":1514.6233845252323},"Median":{"confidence_interval":{"confidence_level":0.95,"lower_bound":481161.45185185183,"upper_bound":487717.2955974843},"point_estimate":482716.1028508772,"standard_error":1798.8490935487346},"MedianAbsDev":{"confidence_interval":{"confidence_level":0.95,"lower_bound":7941.1828481066905,"upper_bound":17112.96349226257},"point_estimate":10501.440804684473,"standard_error":2466.202583535571},"Slope":{"confidence_interval":{"confidence_level":0.95,"lower_bound":486488.9905512173,"upper_bound":494991.12020124675},"point_estimate":490550.33513422986,"standard_error":2172.873524958927},"StdDev":{"confidence_interval":{"confidence_level":0.95,"lower_bound":13036.006245136401,"upper_bound":17142.533682607238},"point_estimate":15234.011043241338,"standard_error":1048.2197249680655}}