{"Mean":{"confidence_interval":{"confidence_level":0.95,"lower_bound":868362.8574513696,"upper_bound":875265.0012201191},"point_estimate":871723.7022570091,"standard_error":1757.73860295056},"Median":{"confidence_interval":{"confidence_level":0.95,"lower_bound":868063.9848721961,"upper_bound":874258.1784989857},"point_estimate":870747.7572514785,"standard_error":1515.4073982489756},"MedianAbsDev":{"confidence_interval":{"confidence_level":0.95,"lower_bound":10423.451312003082,"upper_bound":16012.225004441478},"point_estimate":13573.89545510874,"standard_error":1343.5576951691444},"Slope":{"confidence_interval":{"confidence_level":0.95,"lower_bound":867755.5479182724,"upper_bound":872683.9225901155},"point_estimate":870192.0682074775,"standard_error":1255.9610028120971},"StdDev":{"confidence_interval":{"confidence_level":0.95,"lower_bound":12949.301918815483,"upper_bound":22725.1435278695},"point_estimate":17669.58423527197,"standard_error":2561.0072276011942}}