{"Mean":{"confidence_interval":{"confidence_level":0.95,"lower_bound":-0.1326272660574727,"upper_bound":-0.12459082666876681},"point_estimate":-0.12847221348417714,"standard_error":0.0020524601055691414},"Median":{"confidence_interval":{"confidence_level":0.95,"lower_bound":-0.12378238687301737,"upper_bound":-0.12084310175412027},"point_estimate":-0.12185303637370037,"standard_error":0.0007667903843486889}}