{"Mean":{"confidence_interval":{"confidence_level":0.95,"lower_bound":-0.006520507998953728,"upper_bound":0.000042038769095425997},"point_estimate":-0.00317158643646831,"standard_error":0.0016708464777286415},"Median":{"confidence_interval":{"confidence_level":0.95,"lower_bound":-0.0073576693791485015,"upper_bound":0.0011374676015659562},"point_estimate":-0.003254662341147352,"standard_error":0.002160992949804763}}