{"Mean":{"confidence_interval":{"confidence_level":0.95,"lower_bound":-0.007469628285565717,"upper_bound":0.0006209376557066545},"point_estimate":-0.0034205016270939526,"standard_error":0.0020662626004636577},"Median":{"confidence_interval":{"confidence_level":0.95,"lower_bound":-0.005274437303653401,"upper_bound":0.0028418813661421627},"point_estimate":-0.0011511787529693285,"standard_error":0.0020514520669767666}}