{"Mean":{"confidence_interval":{"confidence_level":0.95,"lower_bound":0.3849356984053868,"upper_bound":0.4120065276805609},"point_estimate":0.39673172218235964,"standard_error":0.006882004654931603},"Median":{"confidence_interval":{"confidence_level":0.95,"lower_bound":0.3818495112081337,"upper_bound":0.403654038710679},"point_estimate":0.38889438556610756,"standard_error":0.006198013696686491}}