{"Mean":{"confidence_interval":{"confidence_level":0.95,"lower_bound":-0.9878346220570713,"upper_bound":-0.9877259971326213},"point_estimate":-0.987780677457991,"standard_error":0.00002812736053055419},"Median":{"confidence_interval":{"confidence_level":0.95,"lower_bound":-0.9878298324118998,"upper_bound":-0.9877231856997902},"point_estimate":-0.9877652390973655,"standard_error":0.000028379168604771584}}