{"Mean":{"confidence_interval":{"confidence_level":0.95,"lower_bound":458590.2129543184,"upper_bound":460120.9855882518},"point_estimate":459324.9915405009,"standard_error":390.12579162595836},"Median":{"confidence_interval":{"confidence_level":0.95,"lower_bound":456791.4375,"upper_bound":458966.260942761},"point_estimate":457879.17355321976,"standard_error":537.6032563592295},"MedianAbsDev":{"confidence_interval":{"confidence_level":0.95,"lower_bound":835.7686264428626,"upper_bound":3631.3585439027197},"point_estimate":2331.8399186051793,"standard_error":692.0523743891952},"Slope":{"confidence_interval":{"confidence_level":0.95,"lower_bound":458304.8853599554,"upper_bound":459724.16709715244},"point_estimate":458966.59679523174,"standard_error":363.5117616903221},"StdDev":{"confidence_interval":{"confidence_level":0.95,"lower_bound":3064.068510746768,"upper_bound":4728.308401565329},"point_estimate":3924.2641466051064,"standard_error":426.21160815131736}}