{"Mean":{"confidence_interval":{"confidence_level":0.95,"lower_bound":328617.2527373805,"upper_bound":330393.5738944305},"point_estimate":329478.05237735406,"standard_error":453.000209083067},"Median":{"confidence_interval":{"confidence_level":0.95,"lower_bound":328110.0961538461,"upper_bound":329908.6140900196},"point_estimate":329036.3122972973,"standard_error":426.14091458680633},"MedianAbsDev":{"confidence_interval":{"confidence_level":0.95,"lower_bound":2605.525482276036,"upper_bound":4573.14502763396},"point_estimate":3761.7211673070137,"standard_error":507.9907621988246},"Slope":{"confidence_interval":{"confidence_level":0.95,"lower_bound":330816.06699218875,"upper_bound":333603.8296853767},"point_estimate":332161.2863499335,"standard_error":711.6429106009325},"StdDev":{"confidence_interval":{"confidence_level":0.95,"lower_bound":3501.0516787377337,"upper_bound":5513.6174520884015},"point_estimate":4556.20085994575,"standard_error":515.7274215450401}}