{"Mean":{"confidence_interval":{"confidence_level":0.95,"lower_bound":447474.7961422582,"upper_bound":448811.5066625179},"point_estimate":448114.0467266345,"standard_error":340.96890113087744},"Median":{"confidence_interval":{"confidence_level":0.95,"lower_bound":446226.8777777778,"upper_bound":447950.3471491228},"point_estimate":446806.24907948886,"standard_error":403.3737555433868},"MedianAbsDev":{"confidence_interval":{"confidence_level":0.95,"lower_bound":1450.094855339061,"upper_bound":3241.1771451176123},"point_estimate":2120.467095453994,"standard_error":413.38860381509147},"Slope":{"confidence_interval":{"confidence_level":0.95,"lower_bound":447260.35653594055,"upper_bound":448653.653221042},"point_estimate":447926.6369636964,"standard_error":356.49107181653045},"StdDev":{"confidence_interval":{"confidence_level":0.95,"lower_bound":2644.0614313622414,"upper_bound":4168.48835169609},"point_estimate":3431.1601425988542,"standard_error":390.10483006147706}}