{"Mean":{"confidence_interval":{"confidence_level":0.95,"lower_bound":0.8875356163454459,"upper_bound":0.9426778301935651},"point_estimate":0.9185556368452634,"standard_error":0.01425748279730248},"Median":{"confidence_interval":{"confidence_level":0.95,"lower_bound":0.936961887862549,"upper_bound":0.9459183433444243},"point_estimate":0.94233255452709,"standard_error":0.002273081000049173}}