{"Mean":{"confidence_interval":{"confidence_level":0.95,"lower_bound":11251763.576751983,"upper_bound":11505299.387984691},"point_estimate":11377844.578815192,"standard_error":64888.01850460142},"Median":{"confidence_interval":{"confidence_level":0.95,"lower_bound":11188916.285714285,"upper_bound":11528790.19642857},"point_estimate":11383932.970238097,"standard_error":88734.54378955398},"MedianAbsDev":{"confidence_interval":{"confidence_level":0.95,"lower_bound":25290.055874820813,"upper_bound":391490.0681696605},"point_estimate":214864.9789895473,"standard_error":90071.56556142564},"Slope":{"confidence_interval":{"confidence_level":0.95,"lower_bound":11351947.39818691,"upper_bound":11641789.921532648},"point_estimate":11524901.4716141,"standard_error":75044.49488022536},"StdDev":{"confidence_interval":{"confidence_level":0.95,"lower_bound":122193.66223209386,"upper_bound":275967.43073062645},"point_estimate":216056.3076014134,"standard_error":39917.92760990679}}