{"Mean":{"confidence_interval":{"confidence_level":0.95,"lower_bound":525538.1580804329,"upper_bound":528694.2585229942},"point_estimate":527106.1726037952,"standard_error":805.1123658114572},"Median":{"confidence_interval":{"confidence_level":0.95,"lower_bound":525402.234775641,"upper_bound":528717.7129237289},"point_estimate":527115.3460073259,"standard_error":870.8442785382952},"MedianAbsDev":{"confidence_interval":{"confidence_level":0.95,"lower_bound":5562.322648307775,"upper_bound":9892.68957846743},"point_estimate":6735.7011699560235,"standard_error":1133.1920321403202},"Slope":{"confidence_interval":{"confidence_level":0.95,"lower_bound":523879.95196021866,"upper_bound":527116.8793433008},"point_estimate":525491.7588443919,"standard_error":826.1843053916967},"StdDev":{"confidence_interval":{"confidence_level":0.95,"lower_bound":6902.358897416215,"upper_bound":9184.03071981463},"point_estimate":8100.027366989826,"standard_error":584.7569104791797}}