{"Mean":{"confidence_interval":{"confidence_level":0.95,"lower_bound":2.7038819782308026,"upper_bound":2.743906918755523},"point_estimate":2.7216041071439196,"standard_error":0.009967569829398944},"Median":{"confidence_interval":{"confidence_level":0.95,"lower_bound":2.7020887277240933,"upper_bound":2.7122266283706926},"point_estimate":2.706914185418996,"standard_error":0.00241095998315759}}