{"Mean":{"confidence_interval":{"confidence_level":0.95,"lower_bound":1.208825221517635,"upper_bound":1.2284233176539145},"point_estimate":1.2182629415402007,"standard_error":0.004987110188330966},"Median":{"confidence_interval":{"confidence_level":0.95,"lower_bound":1.2138514019792228,"upper_bound":1.22076342447507},"point_estimate":1.2178729281336134,"standard_error":0.0016964840339844408}}