{"Mean":{"confidence_interval":{"confidence_level":0.95,"lower_bound":2755248.451861258,"upper_bound":2770795.97599115},"point_estimate":2763100.3504913747,"standard_error":3959.512152894328},"Median":{"confidence_interval":{"confidence_level":0.95,"lower_bound":2767831.573260073,"upper_bound":2773192.139240506},"point_estimate":2770189.714673913,"standard_error":1526.1247151051605},"MedianAbsDev":{"confidence_interval":{"confidence_level":0.95,"lower_bound":19872.39167531964,"upper_bound":53419.26888754566},"point_estimate":32774.93060690754,"standard_error":7838.204145120098},"Slope":{"confidence_interval":{"confidence_level":0.95,"lower_bound":2778042.2012245627,"upper_bound":2793137.371190554},"point_estimate":2785673.2797635584,"standard_error":3847.657676670496},"StdDev":{"confidence_interval":{"confidence_level":0.95,"lower_bound":33579.63217547374,"upper_bound":45345.559158847325},"point_estimate":39815.09002349503,"standard_error":2999.3861841456765}}