{"Mean":{"confidence_interval":{"confidence_level":0.95,"lower_bound":9345645.246666666,"upper_bound":9400674.826683035},"point_estimate":9373526.980446428,"standard_error":14020.952250464945},"Median":{"confidence_interval":{"confidence_level":0.95,"lower_bound":9352848.916666666,"upper_bound":9397164.666666666},"point_estimate":9372414.783482142,"standard_error":10436.448586092492},"MedianAbsDev":{"confidence_interval":{"confidence_level":0.95,"lower_bound":2803.9142502209656,"upper_bound":79824.92772657378},"point_estimate":32851.26489177346,"standard_error":17949.74240435782},"Slope":{"confidence_interval":{"confidence_level":0.95,"lower_bound":9336560.444061484,"upper_bound":9385222.979946524},"point_estimate":9362841.681168832,"standard_error":12406.348662881897},"StdDev":{"confidence_interval":{"confidence_level":0.95,"lower_bound":16767.017977842104,"upper_bound":64414.96410084965},"point_estimate":46714.118598910914,"standard_error":12336.164004278158}}