{"Mean":{"confidence_interval":{"confidence_level":0.95,"lower_bound":-0.003692734974880704,"upper_bound":0.007814988539273237},"point_estimate":0.0015059724772166216,"standard_error":0.0028934550518304215},"Median":{"confidence_interval":{"confidence_level":0.95,"lower_bound":-0.004657393151443312,"upper_bound":0.008305256238350989},"point_estimate":-0.0016455884333347326,"standard_error":0.0031848169085761362}}