{"Mean":{"confidence_interval":{"confidence_level":0.95,"lower_bound":840429.9404416496,"upper_bound":846458.8880659223},"point_estimate":843271.0892591614,"standard_error":1535.8144580072444},"Median":{"confidence_interval":{"confidence_level":0.95,"lower_bound":840341.1153846154,"upper_bound":844871.68},"point_estimate":842577.0858833129,"standard_error":1271.3374098991442},"MedianAbsDev":{"confidence_interval":{"confidence_level":0.95,"lower_bound":8553.10590303007,"upper_bound":14005.59926075127},"point_estimate":12015.523061189802,"standard_error":1542.81575271765},"Slope":{"confidence_interval":{"confidence_level":0.95,"lower_bound":840091.1191998,"upper_bound":844711.0930448205},"point_estimate":842481.8105955372,"standard_error":1180.4339022245115},"StdDev":{"confidence_interval":{"confidence_level":0.95,"lower_bound":10297.873570473474,"upper_bound":20389.999892708012},"point_estimate":15425.879301755986,"standard_error":2634.8528290569566}}