{"Mean":{"confidence_interval":{"confidence_level":0.95,"lower_bound":12927441.601666667,"upper_bound":12988765.255820107},"point_estimate":12960221.391137566,"standard_error":15808.8022587132},"Median":{"confidence_interval":{"confidence_level":0.95,"lower_bound":12910091.583333334,"upper_bound":12997092.080687832},"point_estimate":12991209.673611112,"standard_error":23946.37919260188},"MedianAbsDev":{"confidence_interval":{"confidence_level":0.95,"lower_bound":2862.985269169563,"upper_bound":82354.79410874331},"point_estimate":16596.449927297064,"standard_error":23160.315564588287},"Slope":{"confidence_interval":{"confidence_level":0.95,"lower_bound":12965731.6918239,"upper_bound":12996318.867440281},"point_estimate":12987740.505194806,"standard_error":8201.340834449144},"StdDev":{"confidence_interval":{"confidence_level":0.95,"lower_bound":17011.904348194046,"upper_bound":64005.61850462641},"point_estimate":52815.83515878818,"standard_error":10667.811467350037}}