{"Mean":{"confidence_interval":{"confidence_level":0.95,"lower_bound":693778.2328726036,"upper_bound":698097.9489423458},"point_estimate":695910.4432378019,"standard_error":1100.9491510080395},"Median":{"confidence_interval":{"confidence_level":0.95,"lower_bound":694653.9872159092,"upper_bound":698923.4583333333},"point_estimate":696770.1203947368,"standard_error":1121.6287971519753},"MedianAbsDev":{"confidence_interval":{"confidence_level":0.95,"lower_bound":7197.616701591806,"upper_bound":12499.361138802817},"point_estimate":9561.922467220904,"standard_error":1382.3869238106026},"Slope":{"confidence_interval":{"confidence_level":0.95,"lower_bound":692966.4800047548,"upper_bound":697078.7792529709},"point_estimate":695039.6342337816,"standard_error":1049.728064468271},"StdDev":{"confidence_interval":{"confidence_level":0.95,"lower_bound":8905.034124586131,"upper_bound":13193.058994024484},"point_estimate":11060.319322016043,"standard_error":1101.9799334284228}}