{"Mean":{"confidence_interval":{"confidence_level":0.95,"lower_bound":2990120.08159809,"upper_bound":3001480.5307799834},"point_estimate":2995593.9134512143,"standard_error":2904.014687265571},"Median":{"confidence_interval":{"confidence_level":0.95,"lower_bound":2982194.0967741935,"upper_bound":2987625.845238095},"point_estimate":2985322.4567901236,"standard_error":1412.4212447255197},"MedianAbsDev":{"confidence_interval":{"confidence_level":0.95,"lower_bound":7548.938733852377,"upper_bound":16248.944177702044},"point_estimate":10686.3550404945,"standard_error":2228.1131959787876},"Slope":{"confidence_interval":{"confidence_level":0.95,"lower_bound":3000969.2912082295,"upper_bound":3020090.5994653148},"point_estimate":3010400.673610167,"standard_error":4896.992616163224},"StdDev":{"confidence_interval":{"confidence_level":0.95,"lower_bound":23255.24194086573,"upper_bound":34274.311313875754},"point_estimate":29122.138287419508,"standard_error":2821.7330684379745}}