{"Mean":{"confidence_interval":{"confidence_level":0.95,"lower_bound":0.03466889238108245,"upper_bound":0.08003732846085043},"point_estimate":0.05691930358454056,"standard_error":0.012149135945945933},"Median":{"confidence_interval":{"confidence_level":0.95,"lower_bound":0.026118211154717495,"upper_bound":0.07582651523750061},"point_estimate":0.04112058227060578,"standard_error":0.014528472263654854}}