{"Mean":{"confidence_interval":{"confidence_level":0.95,"lower_bound":2199937.8542402196,"upper_bound":2208404.0804907107},"point_estimate":2203801.5892902375,"standard_error":2162.7823735902593},"Median":{"confidence_interval":{"confidence_level":0.95,"lower_bound":2195624.037735849,"upper_bound":2200264.066666667},"point_estimate":2197869.094936709,"standard_error":1013.8649549924048},"MedianAbsDev":{"confidence_interval":{"confidence_level":0.95,"lower_bound":6227.560103074819,"upper_bound":11091.326099093882},"point_estimate":8975.850064723794,"standard_error":1248.792580444327},"Slope":{"confidence_interval":{"confidence_level":0.95,"lower_bound":2201645.240975766,"upper_bound":2210235.8972315495},"point_estimate":2205623.9831446726,"standard_error":2199.129247507391},"StdDev":{"confidence_interval":{"confidence_level":0.95,"lower_bound":12664.683198212424,"upper_bound":29747.32128636876},"point_estimate":21838.434849391975,"standard_error":4404.928390725573}}