{"Mean":{"confidence_interval":{"confidence_level":0.95,"lower_bound":-0.14073008948382826,"upper_bound":-0.13055846291128864},"point_estimate":-0.1355781371315541,"standard_error":0.002604122882118353},"Median":{"confidence_interval":{"confidence_level":0.95,"lower_bound":-0.13957765916558074,"upper_bound":-0.12220443606607696},"point_estimate":-0.13171562167459705,"standard_error":0.004402763584331326}}