{"Mean":{"confidence_interval":{"confidence_level":0.95,"lower_bound":323242.44290912,"upper_bound":324149.46364459983},"point_estimate":323673.2907215613,"standard_error":231.93619836730159},"Median":{"confidence_interval":{"confidence_level":0.95,"lower_bound":322362.89546703297,"upper_bound":322597.2016882184},"point_estimate":322427.1813822751,"standard_error":82.02472713929455},"MedianAbsDev":{"confidence_interval":{"confidence_level":0.95,"lower_bound":201.20466465704857,"upper_bound":633.8492752568965},"point_estimate":301.13645555235473,"standard_error":128.14831190987138},"Slope":{"confidence_interval":{"confidence_level":0.95,"lower_bound":322937.8414373943,"upper_bound":323707.51095110003},"point_estimate":323287.156352889,"standard_error":196.75293421532098},"StdDev":{"confidence_interval":{"confidence_level":0.95,"lower_bound":1708.2900383616573,"upper_bound":2913.9434540542943},"point_estimate":2333.612691969148,"standard_error":310.3161433050967}}