{"Mean":{"confidence_interval":{"confidence_level":0.95,"lower_bound":474053.17384547,"upper_bound":475496.61883483495},"point_estimate":474745.05586717767,"standard_error":369.66407975909266},"Median":{"confidence_interval":{"confidence_level":0.95,"lower_bound":472356.25396825396,"upper_bound":473804.3354166667},"point_estimate":473304.5739064857,"standard_error":401.4463639766275},"MedianAbsDev":{"confidence_interval":{"confidence_level":0.95,"lower_bound":929.3369328502965,"upper_bound":2856.786715353287},"point_estimate":2135.331064904403,"standard_error":519.2622846810898},"Slope":{"confidence_interval":{"confidence_level":0.95,"lower_bound":472900.8913308597,"upper_bound":473756.32497534476},"point_estimate":473293.5266282449,"standard_error":218.7961769904404},"StdDev":{"confidence_interval":{"confidence_level":0.95,"lower_bound":2993.802760733864,"upper_bound":4353.911978954437},"point_estimate":3716.5955471984544,"standard_error":348.37274917745634}}