{"Mean":{"confidence_interval":{"confidence_level":0.95,"lower_bound":354838.7557365869,"upper_bound":357766.82498717844},"point_estimate":356281.88197382656,"standard_error":745.0984166584383},"Median":{"confidence_interval":{"confidence_level":0.95,"lower_bound":354275.7002403846,"upper_bound":356983.8354247104},"point_estimate":356044.27406716417,"standard_error":778.5778272357097},"MedianAbsDev":{"confidence_interval":{"confidence_level":0.95,"lower_bound":5014.979442436928,"upper_bound":8457.055924485927},"point_estimate":6950.667539934319,"standard_error":889.0770722236368},"Slope":{"confidence_interval":{"confidence_level":0.95,"lower_bound":354992.7130837148,"upper_bound":357318.8871228161},"point_estimate":356086.13127530663,"standard_error":590.9097991001607},"StdDev":{"confidence_interval":{"confidence_level":0.95,"lower_bound":6367.121339195015,"upper_bound":8558.49491434844},"point_estimate":7523.8378700811645,"standard_error":558.3951833991028}}