{"Mean":{"confidence_interval":{"confidence_level":0.95,"lower_bound":-0.8493020181313437,"upper_bound":-0.8475454384084744},"point_estimate":-0.8483407023530652,"standard_error":0.000447468877581526},"Median":{"confidence_interval":{"confidence_level":0.95,"lower_bound":-0.8486042116903043,"upper_bound":-0.8476379757993827},"point_estimate":-0.8481204079665142,"standard_error":0.00024612915624675863}}