{"Mean":{"confidence_interval":{"confidence_level":0.95,"lower_bound":245522.48815965644,"upper_bound":248352.84082222386},"point_estimate":246924.07268181554,"standard_error":721.9487900216049},"Median":{"confidence_interval":{"confidence_level":0.95,"lower_bound":244372.26339285716,"upper_bound":249137.5606060606},"point_estimate":247490.25660103787,"standard_error":1108.741077334968},"MedianAbsDev":{"confidence_interval":{"confidence_level":0.95,"lower_bound":5915.684804860233,"upper_bound":11234.56015054667},"point_estimate":9177.65220431556,"standard_error":1311.0415634200108},"Slope":{"confidence_interval":{"confidence_level":0.95,"lower_bound":249865.36898737843,"upper_bound":252302.95011999574},"point_estimate":251059.60580759568,"standard_error":621.5618220962082},"StdDev":{"confidence_interval":{"confidence_level":0.95,"lower_bound":6366.390644678962,"upper_bound":8016.106445357375},"point_estimate":7254.423958339975,"standard_error":422.3625678128798}}