{"Mean":{"confidence_interval":{"confidence_level":0.95,"lower_bound":362141.8319250026,"upper_bound":364814.1538621059},"point_estimate":363369.45944872824,"standard_error":686.2380531462162},"Median":{"confidence_interval":{"confidence_level":0.95,"lower_bound":360636.7708333333,"upper_bound":361883.46180555556},"point_estimate":361145.07793209876,"standard_error":290.48095222053234},"MedianAbsDev":{"confidence_interval":{"confidence_level":0.95,"lower_bound":1396.4302354201118,"upper_bound":2625.549438465978},"point_estimate":1972.6600895936663,"standard_error":309.0198720017626},"Slope":{"confidence_interval":{"confidence_level":0.95,"lower_bound":361077.7021952364,"upper_bound":362605.1253461142},"point_estimate":361742.82009457663,"standard_error":391.48688447994874},"StdDev":{"confidence_interval":{"confidence_level":0.95,"lower_bound":4083.821792877088,"upper_bound":9193.86058464049},"point_estimate":6883.13992266771,"standard_error":1305.3117751083118}}