{"Mean":{"confidence_interval":{"confidence_level":0.95,"lower_bound":2208430.435746147,"upper_bound":2227677.8179064984},"point_estimate":2216757.042513228,"standard_error":4966.1954888863975},"Median":{"confidence_interval":{"confidence_level":0.95,"lower_bound":2203121.1296296297,"upper_bound":2210577.3333333335},"point_estimate":2207280.9941860465,"standard_error":1703.0518101640876},"MedianAbsDev":{"confidence_interval":{"confidence_level":0.95,"lower_bound":11215.697131408127,"upper_bound":19000.42677003673},"point_estimate":15591.90500873564,"standard_error":1902.2474362396267},"Slope":{"confidence_interval":{"confidence_level":0.95,"lower_bound":2211137.400057857,"upper_bound":2223829.8657460446},"point_estimate":2216919.5009989655,"standard_error":3267.7149703428886},"StdDev":{"confidence_interval":{"confidence_level":0.95,"lower_bound":19637.8785679824,"upper_bound":76564.24898049455},"point_estimate":49824.65423498376,"standard_error":15609.526789385554}}