{"Mean":{"confidence_interval":{"confidence_level":0.95,"lower_bound":2639385.314355266,"upper_bound":2655743.553902865},"point_estimate":2647473.1179254227,"standard_error":4170.631378859747},"Median":{"confidence_interval":{"confidence_level":0.95,"lower_bound":2624223.9511904763,"upper_bound":2655625.367816092},"point_estimate":2633468.7680960735,"standard_error":8037.882873925701},"MedianAbsDev":{"confidence_interval":{"confidence_level":0.95,"lower_bound":27973.54454926782,"upper_bound":55158.730479226906},"point_estimate":43862.84024127902,"standard_error":6641.197728204834},"Slope":{"confidence_interval":{"confidence_level":0.95,"lower_bound":2645562.0398874204,"upper_bound":2661770.1023036987},"point_estimate":2653399.92992759,"standard_error":4156.096823812403},"StdDev":{"confidence_interval":{"confidence_level":0.95,"lower_bound":37427.41907479917,"upper_bound":46041.585318759964},"point_estimate":42059.92747301229,"standard_error":2197.453223064717}}