{"Mean":{"confidence_interval":{"confidence_level":0.95,"lower_bound":-0.003841649637102629,"upper_bound":0.023046309297638668},"point_estimate":0.009671516422037563,"standard_error":0.006882577405887696},"Median":{"confidence_interval":{"confidence_level":0.95,"lower_bound":-0.006245182861887799,"upper_bound":0.024131536047725},"point_estimate":0.011075419484139148,"standard_error":0.007813386968182092}}