{"Mean":{"confidence_interval":{"confidence_level":0.95,"lower_bound":9701136.612510417,"upper_bound":9820404.0375},"point_estimate":9761435.618229168,"standard_error":30457.790818055822},"Median":{"confidence_interval":{"confidence_level":0.95,"lower_bound":9699583.175,"upper_bound":9829721.075},"point_estimate":9764683.6953125,"standard_error":36411.63674621233},"MedianAbsDev":{"confidence_interval":{"confidence_level":0.95,"lower_bound":20829.121160210285,"upper_bound":178082.11901090937},"point_estimate":96471.22355729231,"standard_error":37093.885489252614},"Slope":{"confidence_interval":{"confidence_level":0.95,"lower_bound":9738930.916666666,"upper_bound":9867891.323145691},"point_estimate":9812184.00909091,"standard_error":32755.627550453544},"StdDev":{"confidence_interval":{"confidence_level":0.95,"lower_bound":49139.010983126784,"upper_bound":135187.0114169605},"point_estimate":101210.0379311716,"standard_error":22392.438936250623}}