{"Mean":{"confidence_interval":{"confidence_level":0.95,"lower_bound":10428950.169793367,"upper_bound":10903153.081380952},"point_estimate":10640053.22010204,"standard_error":122654.91169355251},"Median":{"confidence_interval":{"confidence_level":0.95,"lower_bound":10374819.635714285,"upper_bound":10821232.771428572},"point_estimate":10497640.80952381,"standard_error":139801.83269574848},"MedianAbsDev":{"confidence_interval":{"confidence_level":0.95,"lower_bound":39613.244521724126,"upper_bound":584615.5634310013},"point_estimate":364838.5827628211,"standard_error":137886.4069696501},"Slope":{"confidence_interval":{"confidence_level":0.95,"lower_bound":10357231.49170192,"upper_bound":10729979.443567483},"point_estimate":10509573.632653061,"standard_error":95463.33106817413},"StdDev":{"confidence_interval":{"confidence_level":0.95,"lower_bound":168532.65129018674,"upper_bound":575980.8340036554},"point_estimate":408586.8074891571,"standard_error":121804.1959582181}}