{"Mean":{"confidence_interval":{"confidence_level":0.95,"lower_bound":9606762.08580853,"upper_bound":9699028.33114658},"point_estimate":9648238.732073413,"standard_error":23897.341189422088},"Median":{"confidence_interval":{"confidence_level":0.95,"lower_bound":9600477.3125,"upper_bound":9699401.21875},"point_estimate":9626326.566964285,"standard_error":20343.30234531385},"MedianAbsDev":{"confidence_interval":{"confidence_level":0.95,"lower_bound":7589.1909902653215,"upper_bound":113726.94784344347},"point_estimate":32958.15108362585,"standard_error":25582.888419986895},"Slope":{"confidence_interval":{"confidence_level":0.95,"lower_bound":9589992.530677568,"upper_bound":9681004.778242677},"point_estimate":9626136.377922079,"standard_error":23189.876715889124},"StdDev":{"confidence_interval":{"confidence_level":0.95,"lower_bound":20318.53468416847,"upper_bound":105029.01804562916},"point_estimate":79600.1743106285,"standard_error":21897.13571661417}}