{"Mean":{"confidence_interval":{"confidence_level":0.95,"lower_bound":823983.1179666914,"upper_bound":829584.5075312748},"point_estimate":826721.827593525,"standard_error":1433.0739176006884},"Median":{"confidence_interval":{"confidence_level":0.95,"lower_bound":821961.5928030303,"upper_bound":828081.1587301587},"point_estimate":824749.6239130434,"standard_error":1394.5445662050793},"MedianAbsDev":{"confidence_interval":{"confidence_level":0.95,"lower_bound":8360.591678637142,"upper_bound":14473.930809218373},"point_estimate":11131.355937447532,"standard_error":1600.895980979428},"Slope":{"confidence_interval":{"confidence_level":0.95,"lower_bound":827020.2370723363,"upper_bound":834000.9068959276},"point_estimate":830324.834145116,"standard_error":1786.6811715475767},"StdDev":{"confidence_interval":{"confidence_level":0.95,"lower_bound":11286.628459242049,"upper_bound":17225.09492548545},"point_estimate":14386.287633661515,"standard_error":1522.3236083043098}}