{"Mean":{"confidence_interval":{"confidence_level":0.95,"lower_bound":-0.865036284621456,"upper_bound":-0.8641033681388253},"point_estimate":-0.864564731071171,"standard_error":0.0002366853793058751},"Median":{"confidence_interval":{"confidence_level":0.95,"lower_bound":-0.8648379344019046,"upper_bound":-0.8637979038687609},"point_estimate":-0.864326028485743,"standard_error":0.00026079606841752174}}