{"Mean":{"confidence_interval":{"confidence_level":0.95,"lower_bound":1640530.4904234537,"upper_bound":1652387.598282432},"point_estimate":1645897.7429268786,"standard_error":3035.8853498935227},"Median":{"confidence_interval":{"confidence_level":0.95,"lower_bound":1638719.0232558139,"upper_bound":1643637.1818181819},"point_estimate":1640648.3888235292,"standard_error":1291.5347381286465},"MedianAbsDev":{"confidence_interval":{"confidence_level":0.95,"lower_bound":9872.038637541933,"upper_bound":14693.21391553083},"point_estimate":12543.420266400759,"standard_error":1222.0010250145892},"Slope":{"confidence_interval":{"confidence_level":0.95,"lower_bound":1644702.6452844497,"upper_bound":1662754.4430810881},"point_estimate":1652810.871118664,"standard_error":4663.910562347668},"StdDev":{"confidence_interval":{"confidence_level":0.95,"lower_bound":15523.927964758197,"upper_bound":42145.701137514},"point_estimate":30562.851224981652,"standard_error":6676.991010696941}}