{"Mean":{"confidence_interval":{"confidence_level":0.95,"lower_bound":-0.0693598653498126,"upper_bound":-0.05349239773860293},"point_estimate":-0.06102971426321979,"standard_error":0.004047429430981967},"Median":{"confidence_interval":{"confidence_level":0.95,"lower_bound":-0.07081469087453929,"upper_bound":-0.05155316808251409},"point_estimate":-0.05815571403379105,"standard_error":0.004813284301724368}}