{"Mean":{"confidence_interval":{"confidence_level":0.95,"lower_bound":74965.16014449301,"upper_bound":75594.40450422085},"point_estimate":75272.38845931657,"standard_error":159.98030359804088},"Median":{"confidence_interval":{"confidence_level":0.95,"lower_bound":74656.98327759198,"upper_bound":75353.86854555836},"point_estimate":75044.18125,"standard_error":178.8209637714948},"MedianAbsDev":{"confidence_interval":{"confidence_level":0.95,"lower_bound":945.534635589782,"upper_bound":1632.850080818992},"point_estimate":1289.0340432911223,"standard_error":170.86581275953628},"Slope":{"confidence_interval":{"confidence_level":0.95,"lower_bound":74860.63183618276,"upper_bound":75289.76509171193},"point_estimate":75075.82850939514,"standard_error":109.65045318015663},"StdDev":{"confidence_interval":{"confidence_level":0.95,"lower_bound":1301.8394904313482,"upper_bound":1882.771726607893},"point_estimate":1606.189716302469,"standard_error":148.50170734136293}}