{"Mean":{"confidence_interval":{"confidence_level":0.95,"lower_bound":2315607.139129206,"upper_bound":2332144.1160204},"point_estimate":2322794.092027114,"standard_error":4273.316124743542},"Median":{"confidence_interval":{"confidence_level":0.95,"lower_bound":2312202.1938775512,"upper_bound":2317708.7701149425},"point_estimate":2315908.1588235293,"standard_error":1445.2346077930372},"MedianAbsDev":{"confidence_interval":{"confidence_level":0.95,"lower_bound":10185.448887402907,"upper_bound":16032.167960509549},"point_estimate":12764.548864210872,"standard_error":1430.1923539706177},"Slope":{"confidence_interval":{"confidence_level":0.95,"lower_bound":2315598.5561519964,"upper_bound":2325032.4010665724},"point_estimate":2319384.5257662185,"standard_error":2446.4461511101695},"StdDev":{"confidence_interval":{"confidence_level":0.95,"lower_bound":16409.724665863403,"upper_bound":63526.86049794691},"point_estimate":42846.41745120397,"standard_error":12608.509212852376}}