{"Mean":{"confidence_interval":{"confidence_level":0.95,"lower_bound":468893.8724201951,"upper_bound":470166.08756858256},"point_estimate":469486.935810518,"standard_error":325.62755857938794},"Median":{"confidence_interval":{"confidence_level":0.95,"lower_bound":467641.44469152694,"upper_bound":468950.1666666667},"point_estimate":468133.3445652174,"standard_error":352.533966387193},"MedianAbsDev":{"confidence_interval":{"confidence_level":0.95,"lower_bound":743.2145544631584,"upper_bound":2440.5728657799573},"point_estimate":1362.3846394340871,"standard_error":459.80650313233326},"Slope":{"confidence_interval":{"confidence_level":0.95,"lower_bound":468540.5226018641,"upper_bound":469611.95923574537},"point_estimate":469046.91722476727,"standard_error":273.6768588404768},"StdDev":{"confidence_interval":{"confidence_level":0.95,"lower_bound":2187.28291173678,"upper_bound":4327.765501144955},"point_estimate":3272.1104101175247,"standard_error":554.573493958943}}