{"Mean":{"confidence_interval":{"confidence_level":0.95,"lower_bound":350223.6509001365,"upper_bound":351590.92114508094},"point_estimate":350905.5037845265,"standard_error":348.9198832822931},"Median":{"confidence_interval":{"confidence_level":0.95,"lower_bound":350870.2541172595,"upper_bound":351944.5138888889},"point_estimate":351455.7782738095,"standard_error":276.95018907210385},"MedianAbsDev":{"confidence_interval":{"confidence_level":0.95,"lower_bound":1859.373670823464,"upper_bound":3632.109726107728},"point_estimate":2663.056957989875,"standard_error":473.4839315972796},"Slope":{"confidence_interval":{"confidence_level":0.95,"lower_bound":352408.1161671017,"upper_bound":353918.309586975},"point_estimate":353135.56125905126,"standard_error":385.9988536693206},"StdDev":{"confidence_interval":{"confidence_level":0.95,"lower_bound":2938.0970376833257,"upper_bound":4034.097941404109},"point_estimate":3509.833166628349,"standard_error":280.20798037302177}}