{"Mean":{"confidence_interval":{"confidence_level":0.95,"lower_bound":-0.06314029476980212,"upper_bound":-0.056139552239737336},"point_estimate":-0.05959986122442118,"standard_error":0.0018087303301490408},"Median":{"confidence_interval":{"confidence_level":0.95,"lower_bound":-0.062495015335018556,"upper_bound":-0.05616765240328969},"point_estimate":-0.059422952802754225,"standard_error":0.001551694088013535}}