{"Mean":{"confidence_interval":{"confidence_level":0.95,"lower_bound":4337434.481671001,"upper_bound":4353901.7465100065},"point_estimate":4345235.536726492,"standard_error":4203.157127938672},"Median":{"confidence_interval":{"confidence_level":0.95,"lower_bound":4328758.566666666,"upper_bound":4334634.510610624},"point_estimate":4332216.3855175935,"standard_error":1788.170278485761},"MedianAbsDev":{"confidence_interval":{"confidence_level":0.95,"lower_bound":7989.537660027569,"upper_bound":13245.288228486424},"point_estimate":10326.239923659823,"standard_error":1381.6146235486992},"Slope":{"confidence_interval":{"confidence_level":0.95,"lower_bound":4351661.25306484,"upper_bound":4385562.279920114},"point_estimate":4368789.64401064,"standard_error":8688.858362164588},"StdDev":{"confidence_interval":{"confidence_level":0.95,"lower_bound":31187.264921763996,"upper_bound":50915.20826231447},"point_estimate":42289.465154032594,"standard_error":5037.710676446554}}