{"Mean":{"confidence_interval":{"confidence_level":0.95,"lower_bound":349071.96535376814,"upper_bound":350603.5719229713},"point_estimate":349826.2260702353,"standard_error":390.06713224353643},"Median":{"confidence_interval":{"confidence_level":0.95,"lower_bound":349067.4409313726,"upper_bound":351106.4913403614},"point_estimate":350317.3158216783,"standard_error":513.6746359808074},"MedianAbsDev":{"confidence_interval":{"confidence_level":0.95,"lower_bound":2271.679359557598,"upper_bound":4035.657470854928},"point_estimate":3511.7553756093444,"standard_error":456.91169032158507},"Slope":{"confidence_interval":{"confidence_level":0.95,"lower_bound":351372.76176477707,"upper_bound":353366.4284833514},"point_estimate":352323.7676680952,"standard_error":512.3747757660002},"StdDev":{"confidence_interval":{"confidence_level":0.95,"lower_bound":3173.7486605950576,"upper_bound":4603.627497534822},"point_estimate":3912.481553980977,"standard_error":365.65797438935346}}