{"Mean":{"confidence_interval":{"confidence_level":0.95,"lower_bound":914110.4807949247,"upper_bound":918473.3280816213},"point_estimate":916283.6058755385,"standard_error":1111.9863379587966},"Median":{"confidence_interval":{"confidence_level":0.95,"lower_bound":913899.0444444445,"upper_bound":917797.4310344828},"point_estimate":915236.136877828,"standard_error":998.11721601721},"MedianAbsDev":{"confidence_interval":{"confidence_level":0.95,"lower_bound":6104.308871626837,"upper_bound":10590.731956751093},"point_estimate":7955.538796260953,"standard_error":1148.3793564653943},"Slope":{"confidence_interval":{"confidence_level":0.95,"lower_bound":911441.4747720781,"upper_bound":916467.0232457665},"point_estimate":914107.8080951677,"standard_error":1284.6389280806457},"StdDev":{"confidence_interval":{"confidence_level":0.95,"lower_bound":8781.137273244762,"upper_bound":13478.14537379708},"point_estimate":11166.108307943909,"standard_error":1198.358342997563}}