{"Mean":{"confidence_interval":{"confidence_level":0.95,"lower_bound":677029.7093492084,"upper_bound":680291.6167017142},"point_estimate":678615.2140965585,"standard_error":832.2327446218995},"Median":{"confidence_interval":{"confidence_level":0.95,"lower_bound":676452.4310344828,"upper_bound":680500.835},"point_estimate":677845.7035603714,"standard_error":1142.7209353106266},"MedianAbsDev":{"confidence_interval":{"confidence_level":0.95,"lower_bound":5489.048620524771,"upper_bound":8572.719388536994},"point_estimate":6892.390055740223,"standard_error":773.2973170869416},"Slope":{"confidence_interval":{"confidence_level":0.95,"lower_bound":675171.7213963321,"upper_bound":678024.1473128767},"point_estimate":676609.9075144081,"standard_error":729.0464520619402},"StdDev":{"confidence_interval":{"confidence_level":0.95,"lower_bound":6450.322559758507,"upper_bound":10144.965057690935},"point_estimate":8348.04252193448,"standard_error":948.8878712728749}}