{"Mean":{"confidence_interval":{"confidence_level":0.95,"lower_bound":815191.8390891749,"upper_bound":823218.6597273338},"point_estimate":818944.5831920863,"standard_error":2051.9798742126254},"Median":{"confidence_interval":{"confidence_level":0.95,"lower_bound":812827.375,"upper_bound":818183.98},"point_estimate":816562.422275641,"standard_error":1587.9338751971088},"MedianAbsDev":{"confidence_interval":{"confidence_level":0.95,"lower_bound":7420.986986957494,"upper_bound":15811.399219291612},"point_estimate":11567.505506313399,"standard_error":2243.2118702933703},"Slope":{"confidence_interval":{"confidence_level":0.95,"lower_bound":822603.9357123057,"upper_bound":834058.5442358044},"point_estimate":827896.5932259494,"standard_error":2924.7183580323067},"StdDev":{"confidence_interval":{"confidence_level":0.95,"lower_bound":13183.045895715231,"upper_bound":27688.848520886095},"point_estimate":20621.964409410833,"standard_error":3774.176600956791}}