{"Mean":{"confidence_interval":{"confidence_level":0.95,"lower_bound":846543.4586884528,"upper_bound":858804.3926484629},"point_estimate":851940.7538887605,"standard_error":3141.0954197601704},"Median":{"confidence_interval":{"confidence_level":0.95,"lower_bound":841534.8392857143,"upper_bound":847577.4143298969},"point_estimate":845714.4928774929,"standard_error":1439.936091498144},"MedianAbsDev":{"confidence_interval":{"confidence_level":0.95,"lower_bound":9949.745183766536,"upper_bound":17370.66642753288},"point_estimate":14952.243607081375,"standard_error":1960.3751935175908},"Slope":{"confidence_interval":{"confidence_level":0.95,"lower_bound":840729.6575907873,"upper_bound":847089.4001097622},"point_estimate":843544.3405408601,"standard_error":1627.9130459602568},"StdDev":{"confidence_interval":{"confidence_level":0.95,"lower_bound":16717.288748971616,"upper_bound":46717.708295962235},"point_estimate":31471.935232736727,"standard_error":8748.71056388876}}