{"Mean":{"confidence_interval":{"confidence_level":0.95,"lower_bound":834852.7943807703,"upper_bound":840819.7249728395},"point_estimate":837758.535677092,"standard_error":1517.3416068182005},"Median":{"confidence_interval":{"confidence_level":0.95,"lower_bound":833351.9393939395,"upper_bound":841171.9804347826},"point_estimate":837628.7728221179,"standard_error":1932.9061116879334},"MedianAbsDev":{"confidence_interval":{"confidence_level":0.95,"lower_bound":9575.263206005138,"upper_bound":16763.95376108145},"point_estimate":14610.984964577274,"standard_error":1850.290673150233},"Slope":{"confidence_interval":{"confidence_level":0.95,"lower_bound":831995.5966222069,"upper_bound":837388.9420453926},"point_estimate":834614.6211408305,"standard_error":1374.41796073753},"StdDev":{"confidence_interval":{"confidence_level":0.95,"lower_bound":11778.638425861458,"upper_bound":19296.594896749444},"point_estimate":15319.07501464495,"standard_error":1998.9533332185977}}