{"Mean":{"confidence_interval":{"confidence_level":0.95,"lower_bound":-0.12705676915320513,"upper_bound":-0.11097161965015932},"point_estimate":-0.11825685536018593,"standard_error":0.004147069589906154},"Median":{"confidence_interval":{"confidence_level":0.95,"lower_bound":-0.12798542841331406,"upper_bound":-0.10689767618069479},"point_estimate":-0.11421119035304539,"standard_error":0.006127709928471699}}