{"Mean":{"confidence_interval":{"confidence_level":0.95,"lower_bound":3557942.710949683,"upper_bound":3591285.5637253625},"point_estimate":3572795.0717552584,"standard_error":8551.830884190907},"Median":{"confidence_interval":{"confidence_level":0.95,"lower_bound":3547655.470550576,"upper_bound":3554516.9375},"point_estimate":3550290.987847222,"standard_error":1650.6856551835228},"MedianAbsDev":{"confidence_interval":{"confidence_level":0.95,"lower_bound":11607.94392297584,"upper_bound":21184.061173585633},"point_estimate":14910.072140747841,"standard_error":2458.250261616534},"Slope":{"confidence_interval":{"confidence_level":0.95,"lower_bound":3553363.86678531,"upper_bound":3574188.1879560966},"point_estimate":3562591.312250628,"standard_error":5366.716956627436},"StdDev":{"confidence_interval":{"confidence_level":0.95,"lower_bound":36073.71895672827,"upper_bound":121698.67867064726},"point_estimate":86112.73185801014,"standard_error":21040.308774318422}}