{"Mean":{"confidence_interval":{"confidence_level":0.95,"lower_bound":-0.08388291807443295,"upper_bound":-0.030499646435922373},"point_estimate":-0.05705349223187495,"standard_error":0.013597562788394758},"Median":{"confidence_interval":{"confidence_level":0.95,"lower_bound":-0.08666603328885825,"upper_bound":-0.013623150500642112},"point_estimate":-0.05602591232095455,"standard_error":0.01941594325601201}}