{"Mean":{"confidence_interval":{"confidence_level":0.95,"lower_bound":2995651.254395306,"upper_bound":3007883.15909425},"point_estimate":3001750.6358942813,"standard_error":3124.0625081340777},"Median":{"confidence_interval":{"confidence_level":0.95,"lower_bound":2994684.1458333335,"upper_bound":3003852.3541666665},"point_estimate":2998742.6195652173,"standard_error":2480.3153499236737},"MedianAbsDev":{"confidence_interval":{"confidence_level":0.95,"lower_bound":9966.273294049694,"upper_bound":19035.469186123675},"point_estimate":13397.248264019045,"standard_error":2380.693904523549},"Slope":{"confidence_interval":{"confidence_level":0.95,"lower_bound":3005154.025159261,"upper_bound":3016060.9876806727},"point_estimate":3010232.361974287,"standard_error":2798.016347004578},"StdDev":{"confidence_interval":{"confidence_level":0.95,"lower_bound":25597.272087367608,"upper_bound":36650.329398639435},"point_estimate":31514.933462594476,"standard_error":2831.050189693191}}