{"Mean":{"confidence_interval":{"confidence_level":0.95,"lower_bound":2429657.2424925314,"upper_bound":2439042.8010641006},"point_estimate":2433806.1697097514,"standard_error":2411.877680932593},"Median":{"confidence_interval":{"confidence_level":0.95,"lower_bound":2426361.076923077,"upper_bound":2432691.192982456},"point_estimate":2429279.430084746,"standard_error":1432.1030176234483},"MedianAbsDev":{"confidence_interval":{"confidence_level":0.95,"lower_bound":9102.151850545155,"upper_bound":14572.113981785375},"point_estimate":12233.406621618935,"standard_error":1437.7559505339527},"Slope":{"confidence_interval":{"confidence_level":0.95,"lower_bound":2433344.844931117,"upper_bound":2449224.197476793},"point_estimate":2440026.1797517366,"standard_error":4129.289557276529},"StdDev":{"confidence_interval":{"confidence_level":0.95,"lower_bound":10742.235625555544,"upper_bound":35433.611473478435},"point_estimate":24264.259639597258,"standard_error":6650.63205507873}}