{"Mean":{"confidence_interval":{"confidence_level":0.95,"lower_bound":2181333.9202130996,"upper_bound":2188567.941231576},"point_estimate":2184947.90237757,"standard_error":1847.7514826594008},"Median":{"confidence_interval":{"confidence_level":0.95,"lower_bound":2181370.1517857146,"upper_bound":2190524.8875612747},"point_estimate":2186425.5491247885,"standard_error":2159.544815854074},"MedianAbsDev":{"confidence_interval":{"confidence_level":0.95,"lower_bound":16065.105182980731,"upper_bound":24068.48349469896},"point_estimate":21528.38178512312,"standard_error":2012.9412683584221},"Slope":{"confidence_interval":{"confidence_level":0.95,"lower_bound":2178334.392826967,"upper_bound":2186485.867046784},"point_estimate":2182320.9850539383,"standard_error":2081.8077949370777},"StdDev":{"confidence_interval":{"confidence_level":0.95,"lower_bound":15985.41524468804,"upper_bound":20802.7939692137},"point_estimate":18505.145133906393,"standard_error":1234.2481326740572}}