{"Mean":{"confidence_interval":{"confidence_level":0.95,"lower_bound":1922730.175958056,"upper_bound":1955882.9043692404},"point_estimate":1937039.4483855227,"standard_error":8559.82239092542},"Median":{"confidence_interval":{"confidence_level":0.95,"lower_bound":1908249.94,"upper_bound":1933134.3950897686},"point_estimate":1915179.3976190477,"standard_error":7624.385220620083},"MedianAbsDev":{"confidence_interval":{"confidence_level":0.95,"lower_bound":17551.51272554189,"upper_bound":38450.342032234665},"point_estimate":27982.184737140506,"standard_error":4908.3021742264045},"Slope":{"confidence_interval":{"confidence_level":0.95,"lower_bound":1937333.4406310054,"upper_bound":1966002.0165683266},"point_estimate":1950002.1272676224,"standard_error":7363.547274655121},"StdDev":{"confidence_interval":{"confidence_level":0.95,"lower_bound":30153.819733391883,"upper_bound":129901.39046629265},"point_estimate":85906.30852931137,"standard_error":26290.82598155937}}