{"Mean":{"confidence_interval":{"confidence_level":0.95,"lower_bound":513703.5318423023,"upper_bound":517857.8353368725},"point_estimate":515648.78610661457,"standard_error":1060.8157385723446},"Median":{"confidence_interval":{"confidence_level":0.95,"lower_bound":513459.95454545453,"upper_bound":516742.17647058825},"point_estimate":515071.64093567256,"standard_error":774.0448780729488},"MedianAbsDev":{"confidence_interval":{"confidence_level":0.95,"lower_bound":5110.3094535163555,"upper_bound":9032.438160533758},"point_estimate":7044.967819499494,"standard_error":990.7878888850454},"Slope":{"confidence_interval":{"confidence_level":0.95,"lower_bound":513851.34387881664,"upper_bound":516980.74256593885},"point_estimate":515432.64300132997,"standard_error":800.5922122940035},"StdDev":{"confidence_interval":{"confidence_level":0.95,"lower_bound":6679.33000094032,"upper_bound":14155.68150801172},"point_estimate":10658.546591633783,"standard_error":1888.2208261596124}}