{"Mean":{"confidence_interval":{"confidence_level":0.95,"lower_bound":304754.66867302416,"upper_bound":305973.2162676193},"point_estimate":305374.26505026704,"standard_error":310.1801653452356},"Median":{"confidence_interval":{"confidence_level":0.95,"lower_bound":305407.4451911589,"upper_bound":306544.78571428574},"point_estimate":306134.6146662246,"standard_error":303.0841948528263},"MedianAbsDev":{"confidence_interval":{"confidence_level":0.95,"lower_bound":1651.4788887459274,"upper_bound":3058.798169608174},"point_estimate":2327.5326528563637,"standard_error":357.7967457870213},"Slope":{"confidence_interval":{"confidence_level":0.95,"lower_bound":306661.02767205983,"upper_bound":307419.69333418226},"point_estimate":307029.02650509827,"standard_error":193.9436684245181},"StdDev":{"confidence_interval":{"confidence_level":0.95,"lower_bound":2589.4695155860395,"upper_bound":3595.9623427661586},"point_estimate":3121.779023492772,"standard_error":256.61695207482177}}