{"Mean":{"confidence_interval":{"confidence_level":0.95,"lower_bound":370328.7077594183,"upper_bound":371626.1290150679},"point_estimate":370938.10193997406,"standard_error":332.31618830703576},"Median":{"confidence_interval":{"confidence_level":0.95,"lower_bound":369115.7136115251,"upper_bound":369873.86666666664},"point_estimate":369577.59722222225,"standard_error":204.39210942986585},"MedianAbsDev":{"confidence_interval":{"confidence_level":0.95,"lower_bound":463.60180376762787,"upper_bound":1523.9366360967838},"point_estimate":1104.6740620548094,"standard_error":290.1338638362726},"Slope":{"confidence_interval":{"confidence_level":0.95,"lower_bound":370405.0898582854,"upper_bound":371875.327686309},"point_estimate":371109.8379498547,"standard_error":376.02782650886184},"StdDev":{"confidence_interval":{"confidence_level":0.95,"lower_bound":2310.8119412674564,"upper_bound":4281.160842666206},"point_estimate":3333.333650052013,"standard_error":508.25534871578964}}