{"Mean":{"confidence_interval":{"confidence_level":0.95,"lower_bound":0.029426815576027023,"upper_bound":0.07832662067629945},"point_estimate":0.0512191745702415,"standard_error":0.012614072269899156},"Median":{"confidence_interval":{"confidence_level":0.95,"lower_bound":0.022190962230432956,"upper_bound":0.08874425966689659},"point_estimate":0.03998247162937374,"standard_error":0.014975885545108791}}