{"Mean":{"confidence_interval":{"confidence_level":0.95,"lower_bound":977457.5438476385,"upper_bound":982060.9266823141},"point_estimate":979625.9224017056,"standard_error":1174.4624495729765},"Median":{"confidence_interval":{"confidence_level":0.95,"lower_bound":975566.8592105263,"upper_bound":980101.13},"point_estimate":977133.1051740812,"standard_error":1272.9744342010908},"MedianAbsDev":{"confidence_interval":{"confidence_level":0.95,"lower_bound":5857.502823780572,"upper_bound":9355.060012092776},"point_estimate":7388.417831329388,"standard_error":884.5758507342841},"Slope":{"confidence_interval":{"confidence_level":0.95,"lower_bound":978686.7844982558,"upper_bound":982962.4402641545},"point_estimate":980723.3954603222,"standard_error":1093.284386290204},"StdDev":{"confidence_interval":{"confidence_level":0.95,"lower_bound":8139.4116659214915,"upper_bound":15371.249327989803},"point_estimate":11789.061783117146,"standard_error":1875.910089174527}}