{"Mean":{"confidence_interval":{"confidence_level":0.95,"lower_bound":346268.3374950559,"upper_bound":349110.4610045976},"point_estimate":347684.301782902,"standard_error":725.8309252298295},"Median":{"confidence_interval":{"confidence_level":0.95,"lower_bound":344942.5752688172,"upper_bound":350838.3125},"point_estimate":347411.6254716981,"standard_error":1500.4804491454752},"MedianAbsDev":{"confidence_interval":{"confidence_level":0.95,"lower_bound":7509.109914096716,"upper_bound":11295.84977445861},"point_estimate":10448.022800401432,"standard_error":958.4561863350382},"Slope":{"confidence_interval":{"confidence_level":0.95,"lower_bound":342173.39782252396,"upper_bound":344384.1711941949},"point_estimate":343177.14916211023,"standard_error":563.4834653598035},"StdDev":{"confidence_interval":{"confidence_level":0.95,"lower_bound":6552.104424885746,"upper_bound":8034.988394888952},"point_estimate":7289.378390477782,"standard_error":379.2726675168073}}